Activo,Cantidad,Valor Total
Bitcoin,27.169968927050057,2890042.4248013874
Ethereum,21.88473646975586,86389.34067226716
Tether,9.929280574201803,9.92844651463357
USD Coin,32.97794787730357,32.97794787730357
Dogecoin,9446.940356380817,3768.3750612199515
Peso Argentino,7859.502084733587,9.431402501680305
